{"cameraMode":{"drawMode":0,"name":"Shaded","section":"Shading Mode"},"sceneLighting":true,"audioPlay":false,"sceneViewState":{"showFog":true,"showMaterialUpdate":true,"showSkybox":true,"showFlares":true,"showImageEffects":true,"showParticleSystems":true},"in2DMode":false,"pivot":{"x":-1.4508488178253174,"y":-5.508541107177734,"z":7.473773956298828},"rotation":{"x":-0.3566327691078186,"y":-0.026063164696097375,"z":0.009953613393008709,"w":-0.9338284730911255},"size":15.729894638061524,"orthographic":false}